{"cameraMode":{"drawMode":0,"name":"Shaded","section":"Shading Mode"},"sceneLighting":true,"audioPlay":false,"sceneViewState":{"showFog":true,"showMaterialUpdate":false,"showSkybox":true,"showFlares":true,"showImageEffects":true,"showParticleSystems":true},"in2DMode":false,"pivot":{"x":41.16739273071289,"y":15.688124656677246,"z":3.4534127712249758},"rotation":{"x":-0.11849302798509598,"y":0.6907762289047241,"z":-0.11630896478891373,"w":-0.7037473320960999},"size":2.666025161743164,"orthographic":false}